gene_id,similarity,label
fig|330398.6.peg.28,0.02811635471880436,New
fig|330398.6.peg.9,0.28699249029159546,New
fig|330398.6.peg.8,0.23843318223953247,New
fig|330398.6.peg.10,0.491665780544281,New
fig|330398.6.peg.5,0.26896804571151733,New
fig|330398.6.peg.4,0.26562684774398804,New
fig|330398.6.peg.7,0.2877640128135681,New
fig|330398.6.peg.6,0.18502990901470184,New
fig|330398.6.peg.1,0.19917157292366028,New
fig|330398.6.peg.3,0.2368062138557434,New
fig|330398.6.peg.2,0.19159328937530518,New
fig|330398.6.peg.14,0.2059076726436615,New
fig|330398.6.peg.13,0.4778677225112915,New
fig|330398.6.peg.12,0.5094035863876343,New
fig|330398.6.peg.11,0.48572272062301636,New
fig|157924.1.peg.34,0.8910801410675049,Partial
fig|157924.1.peg.32,0.7258449196815491,Unknown
fig|157924.1.peg.33,0.8908136487007141,Partial
fig|157924.1.peg.31,0.5150819420814514,New
fig|157924.1.peg.49,0.8484548330307007,Synonym
fig|157924.1.peg.45,0.7360153198242188,Identical
fig|157924.1.peg.43,0.6748369932174683,Partial
fig|157924.1.peg.44,0.7337583303451538,Synonym
fig|157924.1.peg.42,0.7549810409545898,Identical
fig|157924.1.peg.40,0.8650511503219604,Partial
fig|157924.1.peg.19,0.8023266196250916,Synonym
fig|157924.1.peg.56,0.9645532369613647,Synonym
fig|157924.1.peg.51,0.039338111877441406,New
fig|157924.1.peg.26,0.49649861454963684,New
fig|157924.1.peg.21,0.8608023524284363,Partial
fig|1852629.3.peg.34,0.6146939992904663,Partial
fig|1852629.3.peg.33,0.4584181308746338,New
fig|1852629.3.peg.35,0.6538771986961365,Synonym
fig|1852629.3.peg.30,0.15668326616287231,New
fig|1852629.3.peg.32,0.2783173620700836,New
fig|1852629.3.peg.31,0.514620840549469,New
fig|1852629.3.peg.39,0.1759629100561142,New
fig|1852629.3.peg.23,0.21659082174301147,New
fig|1852629.3.peg.22,0.4584181308746338,New
fig|1852629.3.peg.24,0.5147026181221008,New
fig|1852629.3.peg.27,0.2561023533344269,New
fig|1852629.3.peg.26,0.5212699770927429,New
fig|1852629.3.peg.29,0.6277151107788086,Partial
fig|1852629.3.peg.28,0.395307332277298,New
fig|1852629.3.peg.12,0.47303733229637146,New
fig|1852629.3.peg.55,0.37420737743377686,New
fig|1852629.3.peg.11,0.4584181308746338,New
fig|1852629.3.peg.58,0.7152897715568542,Unknown
fig|1852629.3.peg.14,0.7499825954437256,Partial
fig|1852629.3.peg.13,0.4584181308746338,New
fig|1852629.3.peg.52,0.39640355110168457,New
fig|1852629.3.peg.10,0.4170633554458618,New
fig|1852629.3.peg.53,0.5547658205032349,New
fig|1852629.3.peg.19,0.7737821340560913,Synonym
fig|1852629.3.peg.18,0.7737821340560913,Synonym
fig|1852629.3.peg.17,0.6753653287887573,Synonym
fig|1852629.3.peg.1,0.8288611173629761,Synonym
fig|1852629.3.peg.3,0.3899414837360382,New
fig|1852629.3.peg.46,0.7883371710777283,Synonym
fig|1852629.3.peg.2,0.8453178405761719,Synonym
fig|1852629.3.peg.42,0.379214882850647,New
fig|1852629.3.peg.48,0.6663738489151001,Identical
fig|1852629.3.peg.9,0.8124710321426392,Synonym
fig|1852629.3.peg.4,0.3615633547306061,New
fig|1852629.3.peg.7,0.7934730648994446,Synonym
fig|1852629.3.peg.6,0.39044439792633057,New
fig|10702.1.peg.8,0.7684248685836792,Identical
fig|10702.1.peg.9,0.740138053894043,Identical
fig|10702.1.peg.34,0.16694912314414978,New
fig|10702.1.peg.32,0.7497630715370178,Identical
fig|10702.1.peg.30,0.7539713978767395,Identical
fig|10702.1.peg.47,0.8484548330307007,Synonym
fig|273133.2.peg.117,0.8492790460586548,Partial
fig|273133.2.peg.25,0.7827796339988708,Partial
fig|273133.2.peg.122,0.8853874206542969,Partial
fig|273133.2.peg.31,0.9402408599853516,Synonym
fig|273133.2.peg.39,1.0,Synonym
fig|273133.2.peg.40,1.0,Synonym
fig|273133.2.peg.157,0.9441295266151428,Synonym
fig|273133.2.peg.54,0.951859176158905,Synonym
fig|273133.2.peg.156,0.9441295266151428,Synonym
fig|273133.2.peg.166,0.7155349254608154,Identical
fig|273133.2.peg.76,0.7155349254608154,Identical
fig|273133.2.peg.183,0.5764116048812866,New
fig|273133.2.peg.185,0.7827796339988708,Partial
fig|273133.2.peg.188,0.8669185638427734,Partial
fig|273133.2.peg.1,0.9255464673042297,Synonym
fig|273133.2.peg.193,0.951859176158905,Synonym
fig|374463.4.peg.296,0.9673671722412109,Synonym
fig|374463.4.peg.298,0.665088415145874,Partial
fig|374463.4.peg.181,0.39434078335762024,New
fig|374463.4.peg.282,0.9986387491226196,Synonym
fig|374463.4.peg.161,0.7599909901618958,Partial
fig|374463.4.peg.166,0.8643108010292053,Partial
fig|374463.4.peg.288,0.9010777473449707,Synonym
fig|374463.4.peg.289,0.965355634689331,Synonym
fig|374463.4.peg.291,0.8348191976547241,Unknown
fig|374463.4.peg.170,0.9632173776626587,Synonym
fig|374463.4.peg.182,0.9364515542984009,Synonym
fig|374463.4.peg.185,0.9415144920349121,Synonym
fig|374463.4.peg.186,0.9015523791313171,Synonym
fig|374463.4.peg.191,0.2882491946220398,New
fig|374463.4.peg.490,0.8473844528198242,Identical
fig|374463.4.peg.370,0.915583074092865,Synonym
fig|374463.4.peg.251,0.7523469924926758,Identical
fig|374463.4.peg.130,0.9715366363525391,Synonym
fig|374463.4.peg.252,0.9174280166625977,Synonym
fig|374463.4.peg.131,0.687746524810791,Synonym
fig|374463.4.peg.495,0.08509887754917145,New
fig|374463.4.peg.253,0.9219231009483337,Synonym
fig|374463.4.peg.254,0.8293691277503967,Synonym
fig|374463.4.peg.255,0.8365379571914673,Synonym
fig|374463.4.peg.497,0.20406723022460938,New
fig|374463.4.peg.256,0.5451972484588623,New
fig|374463.4.peg.498,0.33723247051239014,New
fig|374463.4.peg.257,0.37543022632598877,New
fig|374463.4.peg.378,0.9941461682319641,Synonym
fig|374463.4.peg.259,0.10935749858617783,New
fig|374463.4.peg.138,0.9661668539047241,Synonym
fig|374463.4.peg.139,0.9685125350952148,Synonym
fig|374463.4.peg.1,0.9262263774871826,Synonym
fig|374463.4.peg.5,0.7569791674613953,Unknown
fig|374463.4.peg.3,0.9740194082260132,Synonym
fig|374463.4.peg.481,0.968462347984314,Synonym
fig|374463.4.peg.360,0.9108673930168152,Synonym
fig|374463.4.peg.361,0.9160915017127991,Synonym
fig|374463.4.peg.241,0.30312591791152954,New
fig|374463.4.peg.362,0.9133023023605347,Synonym
fig|374463.4.peg.363,0.9132184982299805,Synonym
fig|374463.4.peg.243,0.0967789888381958,New
fig|374463.4.peg.366,0.9918051958084106,Synonym
fig|374463.4.peg.126,0.25299835205078125,New
fig|374463.4.peg.369,0.9695745706558228,Synonym
fig|374463.4.peg.129,0.8580746054649353,Partial
fig|374463.4.peg.391,1.0,Synonym
fig|374463.4.peg.271,-0.010224325582385063,New
fig|374463.4.peg.154,0.7788028717041016,Identical
fig|374463.4.peg.398,0.9303205013275146,Synonym
fig|374463.4.peg.157,0.7854776978492737,Synonym
fig|374463.4.peg.158,0.18272708356380463,New
fig|374463.4.peg.380,0.194402813911438,New
fig|374463.4.peg.382,0.8678387403488159,Partial
fig|374463.4.peg.140,0.9697433114051819,Synonym
fig|374463.4.peg.141,0.9658583402633667,Synonym
fig|374463.4.peg.142,0.9707140922546387,Synonym
fig|374463.4.peg.264,0.9294873476028442,Synonym
fig|374463.4.peg.143,0.9748029708862305,Synonym
fig|374463.4.peg.144,0.9740939140319824,Synonym
fig|374463.4.peg.145,0.9717832803726196,Synonym
fig|374463.4.peg.388,0.8334476947784424,Partial
fig|374463.4.peg.570,0.8667461276054382,Partial
fig|374463.4.peg.450,0.7649523019790649,Unknown
fig|374463.4.peg.571,0.9445552825927734,Synonym
fig|374463.4.peg.210,0.7325028777122498,Partial
fig|374463.4.peg.455,0.63563072681427,Partial
fig|374463.4.peg.456,0.21444271504878998,New
fig|374463.4.peg.578,0.3372042775154114,New
fig|374463.4.peg.216,0.06774637848138809,New
fig|374463.4.peg.458,0.4306974411010742,New
fig|374463.4.peg.459,0.13405300676822662,New
fig|374463.4.peg.338,0.27508068084716797,New
fig|374463.4.peg.564,0.7748063802719116,Identical
fig|374463.4.peg.202,0.9759548902511597,Synonym
fig|374463.4.peg.203,0.9974988698959351,Synonym
fig|374463.4.peg.591,0.6884835362434387,Unknown
fig|374463.4.peg.472,0.9213816523551941,Synonym
fig|374463.4.peg.351,0.9147444367408752,Synonym
fig|374463.4.peg.352,0.9124602675437927,Synonym
fig|374463.4.peg.353,0.9161851406097412,Synonym
fig|374463.4.peg.233,0.9226868748664856,Synonym
fig|374463.4.peg.354,0.2055991142988205,New
fig|374463.4.peg.113,0.6849236488342285,Partial
fig|374463.4.peg.355,0.9209968447685242,Synonym
fig|374463.4.peg.235,0.8711231350898743,Partial
fig|374463.4.peg.598,0.939030110836029,Synonym
fig|374463.4.peg.356,0.9152692556381226,Synonym
fig|374463.4.peg.94,0.989967405796051,Synonym
fig|374463.4.peg.357,0.9138708114624023,Synonym
fig|374463.4.peg.95,0.9904510974884033,Synonym
fig|374463.4.peg.358,0.9172166585922241,Synonym
fig|374463.4.peg.238,0.9146705865859985,Synonym
fig|374463.4.peg.359,0.915988028049469,Synonym
fig|374463.4.peg.91,0.12259605526924133,New
fig|374463.4.peg.221,0.023146748542785645,New
fig|374463.4.peg.584,0.8730731010437012,Partial
fig|374463.4.peg.222,0.8536072373390198,Partial
fig|374463.4.peg.585,0.9101814031600952,Synonym
fig|374463.4.peg.343,0.8997368812561035,Partial
fig|374463.4.peg.102,0.7927590608596802,Partial
fig|374463.4.peg.82,0.8654066324234009,Partial
fig|374463.4.peg.224,0.16029900312423706,New
fig|374463.4.peg.587,0.9609924554824829,Synonym
fig|374463.4.peg.346,0.9271199107170105,Synonym
fig|374463.4.peg.84,0.8044459223747253,Partial
fig|374463.4.peg.589,0.9901461005210876,Synonym
fig|374463.4.peg.349,0.798607349395752,Synonym
fig|374463.4.peg.107,0.5869283676147461,New
fig|374463.4.peg.80,0.9161022901535034,Synonym
fig|374463.4.peg.78,0.7300255298614502,Partial
fig|374463.4.peg.79,0.7641966342926025,Partial
fig|374463.4.peg.411,0.9080010056495667,Synonym
fig|374463.4.peg.533,0.9526895880699158,Synonym
fig|374463.4.peg.413,0.9477801322937012,Synonym
fig|374463.4.peg.414,0.1409347951412201,New
fig|374463.4.peg.536,0.4027426838874817,New
fig|374463.4.peg.415,0.8812285661697388,Partial
fig|374463.4.peg.537,0.43055081367492676,New
fig|374463.4.peg.417,0.922220766544342,Synonym
fig|374463.4.peg.67,0.9555286765098572,Synonym
fig|374463.4.peg.66,0.059725478291511536,New
fig|374463.4.peg.520,0.9496474266052246,Synonym
fig|374463.4.peg.521,0.9733978509902954,Synonym
fig|374463.4.peg.61,0.7935401201248169,Partial
fig|374463.4.peg.401,0.879880428314209,Partial
fig|374463.4.peg.406,0.3512279987335205,New
fig|374463.4.peg.407,0.755384624004364,Identical
fig|374463.4.peg.409,0.7191011309623718,Unknown
fig|374463.4.peg.551,0.8998557329177856,Partial
fig|374463.4.peg.431,0.26373007893562317,New
fig|374463.4.peg.432,0.9517366886138916,Synonym
fig|374463.4.peg.554,0.012186157517135143,New
fig|374463.4.peg.433,0.09568087756633759,New
fig|374463.4.peg.434,0.9365725517272949,Synonym
fig|374463.4.peg.51,0.9350910186767578,Synonym
fig|374463.4.peg.435,0.9781187772750854,Synonym
fig|374463.4.peg.559,0.5744175910949707,New
fig|374463.4.peg.46,0.8763411641120911,Partial
fig|374463.4.peg.43,0.8706250786781311,Partial
fig|374463.4.peg.542,0.8568602800369263,Partial
fig|374463.4.peg.301,0.9965630769729614,Synonym
fig|374463.4.peg.422,0.9420152902603149,Synonym
fig|374463.4.peg.544,0.9303913712501526,Synonym
fig|374463.4.peg.302,0.9252704381942749,Synonym
fig|374463.4.peg.40,0.18152038753032684,New
fig|374463.4.peg.303,0.5274599194526672,New
fig|374463.4.peg.34,0.43583017587661743,New
fig|374463.4.peg.31,0.21454817056655884,New
fig|374463.4.peg.613,0.961402177810669,Synonym
fig|374463.4.peg.615,0.984261155128479,Synonym
fig|374463.4.peg.618,0.938215434551239,Synonym
fig|374463.4.peg.38,0.33888953924179077,New
fig|374463.4.peg.23,0.9221171736717224,Synonym
fig|374463.4.peg.24,0.9283450841903687,Synonym
fig|374463.4.peg.21,0.8590621948242188,Partial
fig|374463.4.peg.603,0.9347550868988037,Synonym
fig|374463.4.peg.10,0.3812946379184723,New
fig|374463.4.peg.511,0.8525862693786621,Partial
fig|374463.4.peg.513,0.4144323170185089,New
fig|374463.4.peg.634,0.9140456914901733,Synonym
fig|374463.4.peg.636,0.13707175850868225,New
fig|374463.4.peg.516,0.9064055681228638,Synonym
fig|374463.4.peg.517,0.8891814351081848,Partial
fig|374463.4.peg.638,0.39742904901504517,New
fig|374463.4.peg.518,0.8811281323432922,Partial
fig|374463.4.peg.16,0.6700687408447266,Synonym
fig|374463.4.peg.621,0.6659550666809082,Unknown
fig|374463.4.peg.622,0.6723767518997192,Unknown
fig|374463.4.peg.623,0.817014217376709,Identical
fig|374463.4.peg.507,0.9820277690887451,Synonym
fig|374463.4.peg.629,0.8140689134597778,Identical
fig|374463.4.peg.509,0.9493674039840698,Synonym
fig|123214.3.peg.180,0.9871022701263428,Synonym
fig|123214.3.peg.172,0.41548627614974976,New
fig|123214.3.peg.171,0.8219008445739746,Synonym
fig|123214.3.peg.179,0.8862639665603638,Partial
fig|123214.3.peg.165,0.8267463445663452,Partial
fig|123214.3.peg.163,0.4033161997795105,New
fig|123214.3.peg.162,0.5817756056785583,New
fig|123214.3.peg.161,1.000000238418579,Synonym
fig|123214.3.peg.154,1.000000238418579,Synonym
fig|123214.3.peg.141,0.20228761434555054,New
fig|123214.3.peg.149,0.9832808971405029,Synonym
fig|123214.3.peg.145,0.9209562540054321,Synonym
fig|123214.3.peg.195,0.798607349395752,Synonym
fig|123214.3.peg.191,0.8547357320785522,Partial
fig|123214.3.peg.188,1.0,Synonym
fig|123214.3.peg.187,0.8817799091339111,Partial
fig|123214.3.peg.181,0.34116125106811523,New
fig|123214.3.peg.1832,0.18819347023963928,New
fig|123214.3.peg.1823,0.4584181308746338,New
fig|123214.3.peg.1820,0.09316471219062805,New
fig|123214.3.peg.1816,0.7633659243583679,Synonym
fig|123214.3.peg.618,0.9218089580535889,Synonym
fig|123214.3.peg.617,0.9215327501296997,Synonym
fig|123214.3.peg.615,0.8414191007614136,Partial
fig|123214.3.peg.1755,0.9187259078025818,Synonym
fig|123214.3.peg.1751,0.9820277690887451,Synonym
fig|123214.3.peg.1753,0.7490830421447754,Identical
fig|123214.3.peg.1754,0.48704710602760315,New
fig|123214.3.peg.610,0.2276429682970047,New
fig|123214.3.peg.609,0.21117857098579407,New
fig|123214.3.peg.608,0.228724405169487,New
fig|123214.3.peg.1745,0.7497420907020569,Unknown
fig|123214.3.peg.1733,0.3595375716686249,New
fig|123214.3.peg.1732,0.8849774599075317,Partial
fig|123214.3.peg.1720,0.3910706341266632,New
fig|123214.3.peg.1317,0.9733978509902954,Synonym
fig|123214.3.peg.1796,0.3333134055137634,New
fig|123214.3.peg.658,0.9582662582397461,Synonym
fig|123214.3.peg.1790,0.20637574791908264,New
fig|123214.3.peg.653,0.2981867492198944,New
fig|123214.3.peg.652,0.9905725717544556,Synonym
fig|123214.3.peg.1305,0.7881841659545898,Partial
fig|123214.3.peg.1306,0.6956422328948975,Synonym
fig|123214.3.peg.1307,0.4000784158706665,New
fig|123214.3.peg.1781,0.15307916700839996,New
fig|123214.3.peg.1779,0.8055817484855652,Synonym
fig|123214.3.peg.1773,0.34506338834762573,New
fig|123214.3.peg.1774,0.33350303769111633,New
fig|123214.3.peg.1776,0.08989734947681427,New
fig|123214.3.peg.1772,0.2297976315021515,New
fig|123214.3.peg.635,0.5216044783592224,New
fig|123214.3.peg.634,0.05246150121092796,New
fig|123214.3.peg.633,0.7553783059120178,Partial
fig|123214.3.peg.631,1.000000238418579,Synonym
fig|123214.3.peg.630,1.0000001192092896,Synonym
fig|123214.3.peg.629,0.9999998807907104,Synonym
fig|123214.3.peg.628,0.9303913712501526,Synonym
fig|123214.3.peg.1766,0.946723461151123,Synonym
fig|123214.3.peg.1769,0.6723767518997192,Synonym
fig|123214.3.peg.1762,0.3549564480781555,New
fig|123214.3.peg.1763,0.3570438325405121,New
fig|123214.3.peg.624,0.8763411641120911,Partial
fig|123214.3.peg.1355,0.14136603474617004,New
fig|123214.3.peg.210,0.8679746389389038,Partial
fig|123214.3.peg.693,0.5402841567993164,New
fig|123214.3.peg.1356,0.8977532982826233,Partial
fig|123214.3.peg.1358,0.5763118267059326,New
fig|123214.3.peg.691,0.1409347951412201,New
fig|123214.3.peg.1353,0.3706367015838623,New
fig|123214.3.peg.217,0.9808576107025146,Synonym
fig|123214.3.peg.211,0.9262954592704773,Synonym
fig|123214.3.peg.1348,0.7697657346725464,Unknown
fig|123214.3.peg.683,0.3756691515445709,New
fig|123214.3.peg.1347,0.8678387403488159,Partial
fig|123214.3.peg.680,0.5840625762939453,New
fig|123214.3.peg.1342,0.7523469924926758,Unknown
fig|123214.3.peg.207,0.9740194082260132,Synonym
fig|123214.3.peg.689,0.08750584721565247,New
fig|123214.3.peg.686,0.9271199107170105,Synonym
fig|123214.3.peg.202,0.9160915017127991,Synonym
fig|123214.3.peg.201,0.9152692556381226,Synonym
fig|123214.3.peg.670,0.8497095108032227,Partial
fig|123214.3.peg.673,1.0000001192092896,Synonym
fig|123214.3.peg.1327,0.8169524669647217,Synonym
fig|123214.3.peg.668,0.9093635678291321,Synonym
fig|123214.3.peg.665,0.8473844528198242,Identical
fig|123214.3.peg.663,0.9058648943901062,Synonym
fig|123214.3.peg.251,0.9740939140319824,Synonym
fig|123214.3.peg.250,0.40432947874069214,New
fig|123214.3.peg.1398,0.11234875023365021,New
fig|123214.3.peg.1389,0.3595375716686249,New
fig|123214.3.peg.242,0.9685125350952148,Synonym
fig|123214.3.peg.241,0.9697433114051819,Synonym
fig|123214.3.peg.240,0.9658583402633667,Synonym
fig|123214.3.peg.1387,0.29032355546951294,New
fig|123214.3.peg.1380,0.5120912790298462,New
fig|123214.3.peg.1381,0.4956856071949005,New
fig|123214.3.peg.1382,0.21339371800422668,New
fig|123214.3.peg.249,0.9717832803726196,Synonym
fig|123214.3.peg.248,0.8997368812561035,Partial
fig|123214.3.peg.244,0.8730731010437012,Partial
fig|123214.3.peg.1377,0.5476019978523254,New
fig|123214.3.peg.1378,0.44069939851760864,New
fig|123214.3.peg.230,0.4853125214576721,New
fig|123214.3.peg.1379,0.6980650424957275,Partial
fig|123214.3.peg.1375,0.5907011032104492,New
fig|123214.3.peg.239,0.9707140922546387,Synonym
fig|123214.3.peg.238,0.9748029708862305,Synonym
fig|123214.3.peg.237,0.978240966796875,Synonym
fig|123214.3.peg.234,0.8620746731758118,Partial
fig|123214.3.peg.221,0.7389882802963257,Unknown
fig|123214.3.peg.1369,0.34546104073524475,New
fig|123214.3.peg.229,0.9536179900169373,Synonym
fig|123214.3.peg.228,0.7706032991409302,Partial
fig|123214.3.peg.226,0.7191011309623718,Unknown
fig|123214.3.peg.225,0.5783594250679016,New
fig|123214.3.peg.222,0.33939117193222046,New
fig|123214.3.peg.1078,0.9292390942573547,Synonym
fig|123214.3.peg.1065,0.9204297065734863,Synonym
fig|123214.3.peg.1058,0.38306137919425964,New
fig|123214.3.peg.1054,0.6880665421485901,Unknown
fig|123214.3.peg.1055,0.12678688764572144,New
fig|123214.3.peg.1040,0.372941255569458,New
fig|123214.3.peg.1095,0.9823697805404663,Synonym
fig|123214.3.peg.1088,0.3079319894313812,New
fig|123214.3.peg.1089,0.9661668539047241,Synonym
fig|123214.3.peg.1080,0.7419651746749878,Identical
fig|123214.3.peg.1082,0.913353681564331,Synonym
fig|123214.3.peg.1917,0.8529576063156128,Partial
fig|123214.3.peg.1919,0.8708244562149048,Partial
fig|123214.3.peg.1916,0.8711231350898743,Partial
fig|123214.3.peg.1910,0.6980355978012085,Partial
fig|123214.3.peg.1912,0.9857523441314697,Synonym
fig|123214.3.peg.1902,0.5231459140777588,New
fig|123214.3.peg.1903,0.9145013689994812,Synonym
fig|123214.3.peg.1904,0.5775846242904663,New
fig|123214.3.peg.938,0.9725371599197388,Synonym
fig|123214.3.peg.937,0.8444327116012573,Partial
fig|123214.3.peg.1958,0.46424174308776855,New
fig|123214.3.peg.1959,0.4832942485809326,New
fig|123214.3.peg.1955,0.706743597984314,Partial
fig|123214.3.peg.1956,0.9015523791313171,Synonym
fig|123214.3.peg.930,0.7965567111968994,Unknown
fig|123214.3.peg.925,0.4818495213985443,New
fig|123214.3.peg.924,0.3375679552555084,New
fig|123214.3.peg.1944,0.6190295219421387,Unknown
fig|123214.3.peg.9,0.8355321884155273,Synonym
fig|123214.3.peg.1941,0.5457934141159058,New
fig|123214.3.peg.915,0.9364515542984009,Synonym
fig|123214.3.peg.914,0.6787779331207275,Synonym
fig|123214.3.peg.1931,0.9665710926055908,Synonym
fig|123214.3.peg.1934,0.8839900493621826,Partial
fig|123214.3.peg.906,0.8140689134597778,Synonym
fig|123214.3.peg.904,0.7935035824775696,Identical
fig|123214.3.peg.902,0.22503352165222168,New
fig|123214.3.peg.901,0.9685828685760498,Synonym
fig|123214.3.peg.1924,0.7472277879714966,Synonym
fig|123214.3.peg.1921,0.9611896872520447,Synonym
fig|123214.3.peg.1878,0.13445289433002472,New
fig|123214.3.peg.1879,0.42545196413993835,New
fig|123214.3.peg.1874,0.9986387491226196,Synonym
fig|123214.3.peg.1871,0.39960169792175293,New
fig|123214.3.peg.975,0.86973637342453,Partial
fig|123214.3.peg.969,0.2507939338684082,New
fig|123214.3.peg.1866,0.27802470326423645,New
fig|123214.3.peg.1867,0.6569650173187256,Partial
fig|123214.3.peg.1868,0.34636443853378296,New
fig|123214.3.peg.1861,0.1709820032119751,New
fig|123214.3.peg.1863,0.38986387848854065,New
fig|123214.3.peg.966,0.2737933099269867,New
fig|123214.3.peg.964,0.18819347023963928,New
fig|123214.3.peg.961,0.9831165075302124,Synonym
fig|123214.3.peg.1849,0.19133909046649933,New
fig|123214.3.peg.1840,0.39742904901504517,New
fig|123214.3.peg.1842,0.9555286765098572,Synonym
fig|123214.3.peg.944,0.955925464630127,Synonym
fig|123214.3.peg.942,0.8503084778785706,Partial
fig|123214.3.peg.538,0.6609675884246826,New
fig|123214.3.peg.1439,0.14684529602527618,New
fig|123214.3.peg.1432,0.9140456914901733,Synonym
fig|123214.3.peg.1433,0.9161851406097412,Synonym
fig|123214.3.peg.1434,0.9124602675437927,Synonym
fig|123214.3.peg.1435,0.9147444367408752,Synonym
fig|123214.3.peg.1430,0.9152692556381226,Synonym
fig|123214.3.peg.1431,0.9209968447685242,Synonym
fig|123214.3.peg.534,0.03875203803181648,New
fig|123214.3.peg.1429,0.9138708114624023,Synonym
fig|123214.3.peg.1425,0.17425650358200073,New
fig|123214.3.peg.1426,0.9132184982299805,Synonym
fig|123214.3.peg.1427,0.9133023023605347,Synonym
fig|123214.3.peg.1428,0.9160915017127991,Synonym
fig|123214.3.peg.522,0.5583930015563965,New
fig|123214.3.peg.521,0.8710099458694458,Partial
fig|123214.3.peg.520,0.8470820188522339,Identical
fig|123214.3.peg.517,0.9420152902603149,Synonym
fig|123214.3.peg.1418,0.9294873476028442,Synonym
fig|123214.3.peg.1414,0.10436484217643738,New
fig|123214.3.peg.1410,0.1293760985136032,New
fig|123214.3.peg.990,0.528480589389801,New
fig|123214.3.peg.1897,0.21359124779701233,New
fig|123214.3.peg.514,0.37620675563812256,New
fig|123214.3.peg.993,0.6243035793304443,Synonym
fig|123214.3.peg.508,0.9420691132545471,Synonym
fig|123214.3.peg.1887,0.8612518906593323,Partial
fig|123214.3.peg.1402,0.8603474497795105,Partial
fig|123214.3.peg.1886,0.2992916405200958,New
fig|123214.3.peg.502,0.6198180913925171,Partial
fig|123214.3.peg.981,0.9103399515151978,Synonym
fig|123214.3.peg.1479,0.8536072373390198,Partial
fig|123214.3.peg.578,0.6855540871620178,Partial
fig|123214.3.peg.1465,0.18638043105602264,New
fig|123214.3.peg.1466,0.1293760985136032,New
fig|123214.3.peg.566,0.9985717535018921,Synonym
fig|123214.3.peg.565,0.9526895880699158,Synonym
fig|123214.3.peg.563,0.9974988698959351,Synonym
fig|123214.3.peg.1454,0.12117286026477814,New
fig|123214.3.peg.1455,0.21086446940898895,New
fig|123214.3.peg.1456,0.9178844094276428,Synonym
fig|123214.3.peg.1457,0.8958444595336914,Partial
fig|123214.3.peg.1450,0.48814767599105835,New
fig|123214.3.peg.1452,0.7219923734664917,Synonym
fig|123214.3.peg.557,0.7664987444877625,Partial
fig|123214.3.peg.556,0.29357635974884033,New
fig|123214.3.peg.554,0.8728654384613037,Partial
fig|123214.3.peg.552,0.9477801322937012,Synonym
fig|123214.3.peg.1446,0.7929030656814575,Unknown
fig|123214.3.peg.1440,0.24082130193710327,New
fig|123214.3.peg.1441,0.9311012625694275,Synonym
fig|123214.3.peg.548,0.572537362575531,New
fig|123214.3.peg.543,0.12074077874422073,New
fig|123214.3.peg.1037,0.16822141408920288,New
fig|123214.3.peg.1038,0.7883371710777283,Synonym
fig|123214.3.peg.1030,0.11369787901639938,New
fig|123214.3.peg.1031,1.0000001192092896,Synonym
fig|123214.3.peg.137,0.9424784183502197,Synonym
fig|123214.3.peg.136,0.9965630769729614,Synonym
fig|123214.3.peg.1025,0.26141685247421265,New
fig|123214.3.peg.1026,0.5746567249298096,New
fig|123214.3.peg.120,0.8667461276054382,Partial
fig|123214.3.peg.1023,0.37941083312034607,New
fig|123214.3.peg.1020,0.19575846195220947,New
fig|123214.3.peg.126,0.7788028717041016,Identical
fig|123214.3.peg.1018,0.28416305780410767,New
fig|123214.3.peg.1019,0.3347339630126953,New
fig|123214.3.peg.1498,0.4807995557785034,New
fig|123214.3.peg.111,0.13707175850868225,New
fig|123214.3.peg.1010,0.8730475902557373,Partial
fig|123214.3.peg.1013,0.4460856020450592,New
fig|123214.3.peg.118,0.676636278629303,Partial
fig|123214.3.peg.117,0.2883084714412689,New
fig|123214.3.peg.597,0.3560197651386261,New
fig|123214.3.peg.1007,0.4166708290576935,New
fig|123214.3.peg.1009,0.2767581343650818,New
fig|123214.3.peg.1004,0.9036768674850464,Synonym
fig|123214.3.peg.582,0.8998557329177856,Partial
fig|123214.3.peg.580,0.9708429574966431,Synonym
fig|123214.3.peg.1001,0.9108673930168152,Synonym
fig|123214.3.peg.1485,0.9841460585594177,Synonym
fig|123214.3.peg.1002,0.915988028049469,Synonym
fig|123214.3.peg.1480,0.4853125214576721,New
fig|123214.3.peg.589,0.8355321884155273,Synonym
fig|123214.3.peg.103,0.3549352288246155,New
fig|123214.3.peg.587,0.7789737582206726,Identical
fig|123214.3.peg.1197,0.4919588267803192,New
fig|123214.3.peg.1195,0.9415144920349121,Synonym
fig|123214.3.peg.1196,0.9820277690887451,Synonym
fig|123214.3.peg.1188,0.14684529602527618,New
fig|123214.3.peg.1189,0.5692754983901978,New
fig|123214.3.peg.1183,0.2417830526828766,New
fig|123214.3.peg.1184,0.24152813851833344,New
fig|123214.3.peg.2032,0.2994931936264038,New
fig|123214.3.peg.1185,0.5082550048828125,New
fig|123214.3.peg.2031,0.8706250786781311,Partial
fig|123214.3.peg.1180,0.1892930418252945,New
fig|123214.3.peg.1181,0.1892930418252945,New
fig|123214.3.peg.1175,0.9558618068695068,Synonym
fig|123214.3.peg.391,0.7098467350006104,Partial
fig|123214.3.peg.1177,0.8491301536560059,Synonym
fig|123214.3.peg.2025,0.9424358606338501,Synonym
fig|123214.3.peg.2024,0.8115901947021484,Partial
fig|123214.3.peg.1178,0.3768292963504791,New
fig|123214.3.peg.390,0.43222224712371826,New
fig|123214.3.peg.2020,0.7748063802719116,Synonym
fig|123214.3.peg.1174,0.9697214961051941,Synonym
fig|123214.3.peg.2016,0.5744175910949707,New
fig|123214.3.peg.385,0.9611896872520447,Synonym
fig|123214.3.peg.2018,0.9065616726875305,Synonym
fig|123214.3.peg.384,0.8426766395568848,Partial
fig|123214.3.peg.2017,0.3243321180343628,New
fig|123214.3.peg.2012,0.9576722383499146,Synonym
fig|123214.3.peg.380,0.7649903893470764,Identical
fig|123214.3.peg.2014,0.8862639665603638,Partial
fig|123214.3.peg.2010,0.23104436695575714,New
fig|123214.3.peg.1163,0.30312591791152954,New
fig|123214.3.peg.388,0.5930697917938232,New
fig|123214.3.peg.819,0.9339064359664917,Synonym
fig|123214.3.peg.815,0.2937076985836029,New
fig|123214.3.peg.814,0.4805615544319153,New
fig|123214.3.peg.809,0.055437080562114716,New
fig|123214.3.peg.805,0.989436686038971,Synonym
fig|123214.3.peg.804,0.8812285661697388,Partial
fig|123214.3.peg.803,0.14618217945098877,New
fig|123214.3.peg.802,0.817014217376709,Synonym
fig|123214.3.peg.858,0.31835973262786865,New
fig|123214.3.peg.857,0.34145694971084595,New
fig|123214.3.peg.1517,0.13553637266159058,New
fig|123214.3.peg.1518,0.879880428314209,Partial
fig|123214.3.peg.1516,0.9065616726875305,Synonym
fig|123214.3.peg.1994,0.17755605280399323,New
fig|123214.3.peg.1996,0.12501507997512817,New
fig|123214.3.peg.1990,0.4523905813694,New
fig|123214.3.peg.848,0.9826431274414062,Synonym
fig|123214.3.peg.846,0.9790217876434326,Synonym
fig|123214.3.peg.1506,0.7664987444877625,Partial
fig|123214.3.peg.1987,0.8679219484329224,Partial
fig|123214.3.peg.1989,0.9041472673416138,Synonym
fig|123214.3.peg.1501,0.23838920891284943,New
fig|123214.3.peg.1985,0.15422166883945465,New
fig|123214.3.peg.1981,0.4555717706680298,New
fig|123214.3.peg.845,0.9189553260803223,Synonym
fig|123214.3.peg.843,0.539788007736206,New
fig|123214.3.peg.840,0.9041472673416138,Synonym
fig|123214.3.peg.839,0.4297462999820709,New
fig|123214.3.peg.838,0.3530523478984833,New
fig|123214.3.peg.836,0.8512569665908813,Partial
fig|123214.3.peg.1975,0.4555717706680298,New
fig|123214.3.peg.1976,0.4555717706680298,New
fig|123214.3.peg.827,0.8877841830253601,Partial
fig|123214.3.peg.825,0.8592775464057922,Partial
fig|123214.3.peg.1965,0.965355634689331,Synonym
fig|123214.3.peg.823,0.9482977390289307,Synonym
fig|123214.3.peg.822,0.8869064450263977,Partial
fig|123214.3.peg.821,0.5229116082191467,New
fig|123214.3.peg.820,0.9041472673416138,Synonym
fig|123214.3.peg.419,0.14618217945098877,New
fig|123214.3.peg.1558,0.806498646736145,Synonym
fig|123214.3.peg.1553,0.687746524810791,Unknown
fig|123214.3.peg.1554,0.9715366363525391,Synonym
fig|123214.3.peg.415,0.9944149255752563,Synonym
fig|123214.3.peg.897,0.7803350687026978,Identical
fig|123214.3.peg.409,0.8301519751548767,New
fig|123214.3.peg.1548,0.5286100506782532,New
fig|123214.3.peg.1549,0.6999861001968384,Partial
fig|123214.3.peg.881,0.7758244872093201,Partial
fig|123214.3.peg.1543,0.8464375138282776,Partial
fig|123214.3.peg.1545,0.7113540172576904,Synonym
fig|123214.3.peg.404,0.7743173837661743,Identical
fig|123214.3.peg.888,0.9826431274414062,Synonym
fig|123214.3.peg.887,0.9292349219322205,Synonym
fig|123214.3.peg.886,0.8275488615036011,Synonym
fig|123214.3.peg.879,0.5494726896286011,New
fig|123214.3.peg.870,0.4307827353477478,New
fig|123214.3.peg.876,0.2992916405200958,New
fig|123214.3.peg.874,0.2903137803077698,New
fig|123214.3.peg.873,0.26194992661476135,New
fig|123214.3.peg.871,0.3555697798728943,New
fig|123214.3.peg.866,0.9999998807907104,Synonym
fig|123214.3.peg.865,0.25558722019195557,New
fig|123214.3.peg.1119,0.9445552825927734,Synonym
fig|123214.3.peg.452,0.17755605280399323,New
fig|123214.3.peg.451,0.7383670806884766,Partial
fig|123214.3.peg.1598,0.9133272171020508,Synonym
fig|123214.3.peg.450,0.983629584312439,Synonym
fig|123214.3.peg.1110,0.915438711643219,Synonym
fig|123214.3.peg.459,0.9943231344223022,Synonym
fig|123214.3.peg.458,0.9943715333938599,Synonym
fig|123214.3.peg.455,0.41014420986175537,New
fig|123214.3.peg.1109,0.6254836320877075,Partial
fig|123214.3.peg.1586,0.8756904602050781,Partial
fig|123214.3.peg.1103,0.9145609140396118,Synonym
fig|123214.3.peg.1587,0.8724756240844727,Partial
fig|123214.3.peg.440,0.9976904988288879,Synonym
fig|123214.3.peg.1588,0.8648130297660828,Partial
fig|123214.3.peg.1589,0.8775820136070251,Partial
fig|123214.3.peg.1105,0.9303322434425354,Synonym
fig|123214.3.peg.1582,0.8742384910583496,Partial
fig|123214.3.peg.1580,0.8947571516036987,Partial
fig|123214.3.peg.443,0.8438715934753418,Synonym
fig|123214.3.peg.1576,0.9695745706558228,Synonym
fig|123214.3.peg.438,0.8681803941726685,Partial
fig|123214.3.peg.1566,0.272239089012146,New
fig|123214.3.peg.1563,0.3148866295814514,New
fig|123214.3.peg.425,0.9940918684005737,Synonym
fig|123214.3.peg.422,0.36143025755882263,New
fig|123214.3.peg.421,0.5027047395706177,New
fig|123214.3.peg.2005,0.41326653957366943,New
fig|123214.3.peg.1157,1.0000001192092896,Synonym
fig|123214.3.peg.495,0.9999998211860657,Synonym
fig|123214.3.peg.1159,0.9217223525047302,Synonym
fig|123214.3.peg.1153,0.737499475479126,Synonym
fig|123214.3.peg.1154,0.17299729585647583,New
fig|123214.3.peg.2000,0.9576722383499146,Synonym
fig|123214.3.peg.1150,0.4763694405555725,New
fig|123214.3.peg.1152,0.5206602215766907,New
fig|123214.3.peg.483,0.6290915012359619,Identical
fig|123214.3.peg.480,0.9635317921638489,Synonym
fig|123214.3.peg.1139,0.8302609324455261,Identical
fig|123214.3.peg.1138,0.08286352455615997,New
fig|123214.3.peg.1131,0.14546048641204834,New
fig|123214.3.peg.470,0.6480149030685425,Partial
fig|123214.3.peg.1132,0.45270901918411255,New
fig|123214.3.peg.1134,1.0000001192092896,Synonym
fig|123214.3.peg.1128,0.3822382092475891,New
fig|123214.3.peg.1129,0.33350303769111633,New
fig|123214.3.peg.1124,0.6296399831771851,Partial
fig|123214.3.peg.460,0.9941798448562622,Synonym
fig|123214.3.peg.1122,0.9923304915428162,Synonym
fig|123214.3.peg.469,0.5136005878448486,New
fig|123214.3.peg.468,0.5121625065803528,New
fig|123214.3.peg.465,0.9644306302070618,Synonym
fig|123214.3.peg.295,0.3925880789756775,New
fig|123214.3.peg.294,0.09654007852077484,New
fig|123214.3.peg.291,0.939030110836029,Synonym
fig|123214.3.peg.283,0.7569791674613953,Unknown
fig|123214.3.peg.1296,0.319684773683548,New
fig|123214.3.peg.1294,0.9603477120399475,Synonym
fig|123214.3.peg.1295,0.7798960208892822,Partial
fig|123214.3.peg.279,0.984261155128479,Synonym
fig|123214.3.peg.1290,0.39960169792175293,New
fig|123214.3.peg.263,0.5166074633598328,New
fig|123214.3.peg.1281,0.33303141593933105,New
fig|123214.3.peg.1280,0.9359946846961975,Synonym
fig|123214.3.peg.22,0.22129173576831818,New
fig|123214.3.peg.20,0.18353521823883057,New
fig|123214.3.peg.1717,0.7568973898887634,Identical
fig|123214.3.peg.1711,0.7600338459014893,Synonym
fig|123214.3.peg.1713,0.673642635345459,Synonym
fig|123214.3.peg.1710,0.7562082409858704,Synonym
fig|123214.3.peg.1708,0.743392825126648,Synonym
fig|123214.3.peg.1709,0.7360048294067383,Synonym
fig|123214.3.peg.1704,0.7539981603622437,Identical
fig|123214.3.peg.1705,0.7546706199645996,Identical
fig|123214.3.peg.1706,0.7433991432189941,Identical
fig|123214.3.peg.1707,0.7366151213645935,Synonym
fig|123214.3.peg.738,0.8192456364631653,Identical
fig|123214.3.peg.737,0.8282973766326904,Identical
fig|123214.3.peg.731,0.7730956673622131,Synonym
fig|123214.3.peg.98,0.7328019142150879,Synonym
fig|123214.3.peg.97,0.7332223057746887,Synonym
fig|123214.3.peg.92,0.724635124206543,Synonym
fig|123214.3.peg.91,0.73891282081604,Synonym
fig|123214.3.peg.90,0.7332360744476318,Unknown
fig|123214.3.peg.96,0.7281349897384644,Identical
fig|123214.3.peg.1623,0.6923025846481323,Partial
fig|123214.3.peg.95,0.7370831370353699,Unknown
fig|123214.3.peg.94,0.7324787974357605,Unknown
fig|123214.3.peg.93,0.735346794128418,Synonym
fig|123214.3.peg.1622,0.8628828525543213,Partial
fig|123214.3.peg.86,0.6975557208061218,Partial
fig|123214.3.peg.718,0.938215434551239,Synonym
fig|123214.3.peg.716,0.8911058902740479,Partial
fig|123214.3.peg.80,0.9530186653137207,Synonym
fig|123214.3.peg.1618,0.6092208027839661,Partial
fig|123214.3.peg.1613,0.010286496952176094,New
fig|123214.3.peg.83,0.2786526679992676,New
fig|123214.3.peg.1614,0.3932484984397888,New
fig|123214.3.peg.1610,0.9372156262397766,Synonym
fig|123214.3.peg.76,0.9984849691390991,Synonym
fig|123214.3.peg.708,0.7685508131980896,Partial
fig|123214.3.peg.1601,0.1827496886253357,New
fig|123214.3.peg.74,0.18464718759059906,New
fig|123214.3.peg.1603,0.5974540114402771,New
fig|123214.3.peg.72,0.1359122395515442,New
fig|123214.3.peg.1604,0.488831490278244,New
fig|123214.3.peg.702,0.5897888541221619,New
fig|123214.3.peg.701,0.6143887042999268,New
fig|123214.3.peg.700,0.609917163848877,New
fig|123214.3.peg.771,0.2923569679260254,New
fig|123214.3.peg.1671,0.2550058364868164,New
fig|123214.3.peg.1668,0.9263536930084229,Synonym
fig|123214.3.peg.1664,0.7837615013122559,Synonym
fig|123214.3.peg.1661,0.48760709166526794,New
fig|123214.3.peg.44,0.7350955009460449,Partial
fig|123214.3.peg.49,0.9671895503997803,Synonym
fig|123214.3.peg.1659,0.8384447693824768,Partial
fig|123214.3.peg.1653,0.09014344215393066,New
fig|123214.3.peg.1654,0.5133571624755859,New
fig|123214.3.peg.752,0.28987735509872437,New
fig|123214.3.peg.751,0.42151114344596863,New
fig|123214.3.peg.1647,0.9206351041793823,Synonym
fig|123214.3.peg.1640,0.9665402770042419,Synonym
fig|123214.3.peg.746,0.731947660446167,Partial
fig|123214.3.peg.745,0.5994993448257446,New
fig|123214.3.peg.740,0.6747404336929321,Synonym
fig|123214.3.peg.330,0.9834644794464111,Synonym
fig|123214.3.peg.339,0.991180956363678,Synonym
fig|123214.3.peg.318,0.7651864290237427,Identical
fig|123214.3.peg.1696,0.8016090989112854,Identical
fig|123214.3.peg.792,0.9530186653137207,Synonym
fig|123214.3.peg.1692,0.6124877333641052,Synonym
fig|123214.3.peg.1693,0.2696041762828827,New
fig|123214.3.peg.798,0.6219485998153687,Partial
fig|123214.3.peg.1691,0.5265699625015259,New
fig|123214.3.peg.796,0.3655030131340027,New
fig|123214.3.peg.308,0.17965205013751984,New
fig|123214.3.peg.1207,0.9213816523551941,Synonym
fig|123214.3.peg.782,0.7386415004730225,Synonym
fig|123214.3.peg.1202,0.9944149255752563,Synonym
fig|123214.3.peg.1688,0.5151242017745972,New
fig|123214.3.peg.1682,0.9004600048065186,Synonym
fig|123214.3.peg.1683,0.9968643188476562,Synonym
fig|123214.3.peg.789,1.0,Synonym
fig|123214.3.peg.304,0.8308608531951904,New
fig|123214.3.peg.1279,0.7008945941925049,Partial
fig|123214.3.peg.372,0.9053453207015991,Synonym
fig|123214.3.peg.1274,1.000000238418579,Synonym
fig|123214.3.peg.1275,0.9803861379623413,Synonym
fig|123214.3.peg.1270,0.5396621227264404,New
fig|123214.3.peg.1273,0.6929588317871094,Partial
fig|123214.3.peg.376,0.8951629400253296,Partial
fig|123214.3.peg.363,0.1908230036497116,New
fig|123214.3.peg.362,0.5848163366317749,New
fig|123214.3.peg.1264,0.30388379096984863,New
fig|123214.3.peg.369,0.6905369162559509,Partial
fig|123214.3.peg.365,0.8713589310646057,Partial
fig|123214.3.peg.1258,1.0000001192092896,Synonym
fig|123214.3.peg.1255,0.4002741873264313,New
fig|123214.3.peg.358,0.6424912810325623,Partial
fig|123214.3.peg.357,0.9394035339355469,Synonym
fig|123214.3.peg.355,0.9752625226974487,Synonym
fig|123214.3.peg.340,0.9912409782409668,Synonym
fig|123214.3.peg.349,0.8928049206733704,Partial
fig|123214.3.peg.348,0.6822355389595032,Unknown
fig|123214.3.peg.347,0.6702519655227661,Synonym
fig|123214.3.peg.345,0.3541467785835266,New
fig|470146.3.peg.2280,0.2608972191810608,New
fig|470146.3.peg.2271,0.9213816523551941,Synonym
fig|470146.3.peg.2277,0.9883173108100891,Synonym
fig|470146.3.peg.2278,0.9877410531044006,Synonym
fig|470146.3.peg.2282,0.92926025390625,Synonym
fig|470146.3.peg.2283,0.9292390942573547,Synonym
fig|470146.3.peg.2284,0.9300827980041504,Synonym
fig|470146.3.peg.2285,0.926470160484314,Synonym
fig|470146.3.peg.2286,0.9396314024925232,Synonym
fig|470146.3.peg.2251,0.9849697351455688,Synonym
fig|470146.3.peg.2252,0.8088200092315674,Partial
fig|470146.3.peg.2256,0.616477906703949,Identical
fig|470146.3.peg.2263,0.4374019205570221,New
fig|470146.3.peg.2264,0.5043801069259644,New
fig|470146.3.peg.2266,0.1932237595319748,New
fig|470146.3.peg.2267,0.5203390717506409,New
fig|470146.3.peg.2233,0.33274316787719727,New
fig|470146.3.peg.2237,0.451040655374527,New
fig|470146.3.peg.2242,0.9357545375823975,Synonym
fig|470146.3.peg.2243,0.14568017423152924,New
fig|470146.3.peg.2247,0.14609456062316895,New
fig|470146.3.peg.668,0.9532293081283569,Synonym
fig|470146.3.peg.2211,0.14406025409698486,New
fig|470146.3.peg.2214,0.8471123576164246,Partial
fig|470146.3.peg.2215,0.8471123576164246,Partial
fig|470146.3.peg.2218,0.20142030715942383,New
fig|470146.3.peg.658,0.2608972191810608,New
fig|470146.3.peg.651,0.8503769636154175,Partial
fig|470146.3.peg.652,0.9506367444992065,Synonym
fig|470146.3.peg.653,0.9506367444992065,Synonym
fig|470146.3.peg.2222,0.989928126335144,Synonym
fig|470146.3.peg.689,0.7839361429214478,Partial
fig|470146.3.peg.685,0.7472637891769409,Identical
fig|470146.3.peg.686,0.78775954246521,Identical
fig|470146.3.peg.687,0.12000861763954163,New
fig|470146.3.peg.688,0.18198846280574799,New
fig|470146.3.peg.2200,0.8560359477996826,Partial
fig|470146.3.peg.2203,0.551758348941803,New
fig|470146.3.peg.2204,0.49159926176071167,New
fig|470146.3.peg.2206,0.26643794775009155,New
fig|470146.3.peg.697,0.575663685798645,New
fig|470146.3.peg.1780,0.25922879576683044,New
fig|470146.3.peg.1782,0.8731623888015747,Partial
fig|470146.3.peg.1784,1.000000238418579,Synonym
fig|470146.3.peg.1785,1.000000238418579,Synonym
fig|470146.3.peg.1793,0.7584803700447083,Identical
fig|470146.3.peg.1795,0.6580067873001099,Partial
fig|470146.3.peg.1760,0.360889732837677,New
fig|470146.3.peg.1762,0.09253665804862976,New
fig|470146.3.peg.1771,0.21366040408611298,New
fig|470146.3.peg.1775,0.2609204053878784,New
fig|470146.3.peg.1778,0.1298404484987259,New
fig|470146.3.peg.1779,0.34384894371032715,New
fig|470146.3.peg.1747,0.2910696864128113,New
fig|470146.3.peg.1748,0.29536575078964233,New
fig|470146.3.peg.601,0.16490879654884338,New
fig|470146.3.peg.605,0.9767494201660156,Synonym
fig|470146.3.peg.606,0.9766936898231506,Synonym
fig|470146.3.peg.608,0.7284959554672241,Synonym
fig|470146.3.peg.1740,0.4081607162952423,New
fig|470146.3.peg.1744,0.28377407789230347,New
fig|470146.3.peg.1745,0.4641953110694885,New
fig|470146.3.peg.1746,0.4180564284324646,New
fig|470146.3.peg.1759,0.6926344037055969,Partial
fig|470146.3.peg.1725,0.9847030639648438,Synonym
fig|470146.3.peg.1726,0.9853487014770508,Synonym
fig|470146.3.peg.1728,0.1315237432718277,New
fig|470146.3.peg.623,0.5410311222076416,New
fig|470146.3.peg.621,0.25556933879852295,New
fig|470146.3.peg.1722,0.2579844892024994,New
fig|470146.3.peg.1724,0.9671895503997803,Synonym
fig|470146.3.peg.1736,0.2589157521724701,New
fig|470146.3.peg.1737,0.22144970297813416,New
fig|470146.3.peg.1738,0.40457475185394287,New
fig|470146.3.peg.612,0.14960765838623047,New
fig|470146.3.peg.613,0.7631458044052124,Identical
fig|470146.3.peg.610,0.4467180073261261,New
fig|470146.3.peg.1731,0.9416899681091309,Synonym
fig|470146.3.peg.1732,0.9416899681091309,Synonym
fig|470146.3.peg.1734,0.22968661785125732,New
fig|470146.3.peg.1704,0.4969032406806946,New
fig|470146.3.peg.1705,0.7048837542533875,Synonym
fig|470146.3.peg.1707,0.9766967296600342,Synonym
fig|470146.3.peg.1708,0.9757798910140991,Synonym
fig|470146.3.peg.642,0.17850349843502045,New
fig|470146.3.peg.643,0.4460586905479431,New
fig|470146.3.peg.644,0.8741189241409302,Partial
fig|470146.3.peg.1714,0.9303322434425354,Synonym
fig|470146.3.peg.1715,0.8076040744781494,Identical
fig|470146.3.peg.1716,0.10267896205186844,New
fig|470146.3.peg.1717,0.9105308055877686,Synonym
fig|470146.3.peg.1719,0.10548416525125504,New
fig|470146.3.peg.634,0.36433276534080505,New
fig|470146.3.peg.637,0.750761866569519,Partial
fig|470146.3.peg.639,0.873454749584198,Partial
fig|470146.3.peg.633,0.9499673247337341,Synonym
fig|470146.3.peg.1710,0.28002843260765076,New
fig|470146.3.peg.1711,0.9420152902603149,Synonym
fig|470146.3.peg.1713,0.879880428314209,Partial
fig|470146.3.peg.2193,0.926470160484314,Synonym
fig|470146.3.peg.2194,0.9396314024925232,Synonym
fig|470146.3.peg.2195,0.9386651515960693,Synonym
fig|470146.3.peg.2196,0.9386651515960693,Synonym
fig|470146.3.peg.2180,0.1595304310321808,New
fig|470146.3.peg.2171,0.2399476319551468,New
fig|470146.3.peg.2173,0.515085756778717,New
fig|470146.3.peg.2177,0.5727843642234802,New
fig|470146.3.peg.2179,0.1400085836648941,New
fig|470146.3.peg.2190,0.92926025390625,Synonym
fig|470146.3.peg.2191,0.9292390942573547,Synonym
fig|470146.3.peg.2192,0.9300827980041504,Synonym
fig|470146.3.peg.2185,0.9999998807907104,Synonym
fig|470146.3.peg.2188,0.8127074241638184,Partial
fig|470146.3.peg.2189,0.8735917806625366,Partial
fig|470146.3.peg.2151,0.09905844181776047,New
fig|470146.3.peg.2157,0.7040088176727295,Partial
fig|470146.3.peg.2160,0.28639549016952515,New
fig|470146.3.peg.2163,0.9607831835746765,Synonym
fig|470146.3.peg.2164,0.9624994397163391,Synonym
fig|470146.3.peg.2165,0.9889926910400391,Synonym
fig|470146.3.peg.2166,0.9895584583282471,Synonym
fig|470146.3.peg.2168,0.9653409719467163,Synonym
fig|470146.3.peg.2130,0.9364506006240845,Synonym
fig|470146.3.peg.2131,0.9418869018554688,Synonym
fig|470146.3.peg.2134,0.29768505692481995,New
fig|470146.3.peg.2135,0.21739746630191803,New
fig|470146.3.peg.95,0.641373872756958,Synonym
fig|470146.3.peg.2138,0.7529935836791992,Partial
fig|470146.3.peg.96,0.641373872756958,Identical
fig|470146.3.peg.2139,0.7529935836791992,Partial
fig|470146.3.peg.98,0.9190850257873535,Synonym
fig|470146.3.peg.2140,0.7703163027763367,Identical
fig|470146.3.peg.2141,0.7722424864768982,Identical
fig|470146.3.peg.2146,0.18886184692382812,New
fig|470146.3.peg.2147,0.2550058364868164,New
fig|470146.3.peg.2148,0.11864878237247467,New
fig|470146.3.peg.80,0.2185254991054535,New
fig|470146.3.peg.2114,0.5726963877677917,New
fig|470146.3.peg.2115,0.7826344966888428,Identical
fig|470146.3.peg.2119,0.23790596425533295,New
fig|470146.3.peg.77,0.8763411641120911,Partial
fig|470146.3.peg.91,0.9833363890647888,Synonym
fig|470146.3.peg.2120,0.16884908080101013,New
fig|470146.3.peg.2121,0.9058048129081726,Synonym
fig|470146.3.peg.2122,0.8547810316085815,Partial
fig|470146.3.peg.2123,0.8547810316085815,Partial
fig|470146.3.peg.2124,0.9128021001815796,Synonym
fig|470146.3.peg.2125,0.9271199107170105,Synonym
fig|470146.3.peg.82,0.9170987606048584,Synonym
fig|470146.3.peg.83,0.9170987606048584,Synonym
fig|470146.3.peg.2126,0.4902644157409668,New
fig|470146.3.peg.2127,0.17772528529167175,New
fig|470146.3.peg.2129,0.9364506006240845,Synonym
fig|470146.3.peg.58,0.8470820188522339,Identical
fig|470146.3.peg.52,0.9714450240135193,Synonym
fig|470146.3.peg.55,0.26398247480392456,New
fig|470146.3.peg.535,0.9849705696105957,Synonym
fig|470146.3.peg.532,0.11452839523553848,New
fig|470146.3.peg.534,0.9812808036804199,Synonym
fig|470146.3.peg.61,0.8424196243286133,Synonym
fig|470146.3.peg.2106,0.8775820136070251,Partial
fig|470146.3.peg.63,0.8424196243286133,Identical
fig|470146.3.peg.64,0.4215913414955139,New
fig|470146.3.peg.2107,0.8648130297660828,Partial
fig|470146.3.peg.2108,0.8724756240844727,Partial
fig|470146.3.peg.2109,0.8756904602050781,Partial
fig|470146.3.peg.569,0.2522595226764679,New
fig|470146.3.peg.30,0.8648130297660828,Partial
fig|470146.3.peg.31,0.8724756240844727,Partial
fig|470146.3.peg.32,0.8756904602050781,Partial
fig|470146.3.peg.33,0.285214900970459,New
fig|470146.3.peg.559,0.30672338604927063,New
fig|470146.3.peg.554,0.556964635848999,New
fig|470146.3.peg.555,0.6315585374832153,Synonym
fig|470146.3.peg.41,0.4725683331489563,New
fig|470146.3.peg.584,0.20428892970085144,New
fig|470146.3.peg.585,0.8702815175056458,Partial
fig|470146.3.peg.586,0.8702815175056458,Partial
fig|470146.3.peg.1682,0.9827477931976318,Synonym
fig|470146.3.peg.588,0.5355464816093445,New
fig|470146.3.peg.589,0.8498770594596863,Synonym
fig|470146.3.peg.1683,0.9838487505912781,Synonym
fig|470146.3.peg.1686,0.5133571624755859,New
fig|470146.3.peg.1688,0.16932369768619537,New
fig|470146.3.peg.1689,0.16932369768619537,New
fig|470146.3.peg.581,0.20943383872509003,New
fig|470146.3.peg.572,0.1261167675256729,New
fig|470146.3.peg.25,0.9012019634246826,Synonym
fig|470146.3.peg.573,0.0969017818570137,New
fig|470146.3.peg.27,0.8775820136070251,Partial
fig|470146.3.peg.28,0.8775820136070251,Partial
fig|470146.3.peg.29,0.8775820136070251,Partial
fig|470146.3.peg.578,0.9041472673416138,Synonym
fig|470146.3.peg.1695,0.8980541825294495,Partial
fig|470146.3.peg.1699,0.35700249671936035,New
fig|470146.3.peg.1660,0.6874726414680481,Partial
fig|470146.3.peg.1661,0.8581627607345581,Partial
fig|470146.3.peg.1664,0.8758864402770996,Partial
fig|470146.3.peg.1665,0.8758864402770996,Partial
fig|470146.3.peg.1666,0.8758864402770996,Partial
fig|470146.3.peg.1668,0.9444983005523682,Synonym
fig|470146.3.peg.2999,0.9871739149093628,Synonym
fig|470146.3.peg.1669,0.9462683796882629,Synonym
fig|470146.3.peg.593,0.7578201293945312,Partial
fig|470146.3.peg.1677,0.22093811631202698,New
fig|470146.3.peg.590,0.9041472673416138,Synonym
fig|470146.3.peg.1678,0.7747558355331421,Unknown
fig|470146.3.peg.1679,0.22984398901462555,New
fig|470146.3.peg.592,0.7595638036727905,Partial
fig|470146.3.peg.2979,0.8726206421852112,Partial
fig|470146.3.peg.2972,0.9364257454872131,Synonym
fig|470146.3.peg.2973,0.9307773113250732,Synonym
fig|470146.3.peg.2974,0.5744175910949707,New
